{
    "root_group": {
        "name": "",
        "path": "",
        "id": "d41d8cd98f00b204e9800998ecf8427e",
        "groups": {},
        "checks": {
                "cart item added": {
                    "name": "cart item added",
                    "path": "::cart item added",
                    "id": "477e0087e63a11b88bee119fd3f892bc",
                    "passes": 968,
                    "fails": 0
                },
                "order created": {
                    "passes": 968,
                    "fails": 0,
                    "name": "order created",
                    "path": "::order created",
                    "id": "5e7ce872bb14a562c4b9054c8eda7170"
                }
            }
    },
    "metrics": {
        "http_req_failed": {
            "passes": 0,
            "fails": 2036,
            "thresholds": {
                "rate<0.05": false
            },
            "value": 0
        },
        "http_req_waiting": {
            "med": 25.01875,
            "max": 1194.4508,
            "p(90)": 719.35475,
            "p(95)": 780.8289,
            "avg": 271.5918420923382,
            "min": 8.4522
        },
        "http_req_blocked": {
            "avg": 0.006550343811394892,
            "min": 0,
            "med": 0,
            "max": 5.6578,
            "p(90)": 0,
            "p(95)": 0
        },
        "http_req_connecting": {
            "avg": 0.0016036345776031433,
            "min": 0,
            "med": 0,
            "max": 0.5843,
            "p(90)": 0,
            "p(95)": 0
        },
        "vus_max": {
            "value": 10,
            "min": 10,
            "max": 10
        },
        "http_reqs": {
            "count": 2036,
            "rate": 11.151859185408338
        },
        "checks": {
            "passes": 1936,
            "fails": 0,
            "value": 1
        },
        "http_req_duration": {
            "max": 1194.4508,
            "p(90)": 719.35475,
            "p(95)": 780.8289,
            "avg": 271.67812809430285,
            "min": 8.4522,
            "med": 25.15625,
            "thresholds": {
                "p(95)<2500": false
            }
        },
        "data_sent": {
            "count": 420824,
            "rate": 2304.9950834186043
        },
        "http_req_duration{expected_response:true}": {
            "max": 1194.4508,
            "p(90)": 719.35475,
            "p(95)": 780.8289,
            "avg": 271.67812809430285,
            "min": 8.4522,
            "med": 25.15625
        },
        "vus": {
            "max": 10,
            "value": 1,
            "min": 0
        },
        "http_req_tls_handshaking": {
            "med": 0,
            "max": 0,
            "p(90)": 0,
            "p(95)": 0,
            "avg": 0,
            "min": 0
        },
        "http_req_sending": {
            "p(95)": 0,
            "avg": 0.012275147347740671,
            "min": 0,
            "med": 0,
            "max": 1.0013,
            "p(90)": 0
        },
        "http_req_receiving": {
            "min": 0,
            "med": 0,
            "max": 0.8791,
            "p(90)": 0.5368999999999999,
            "p(95)": 0.5582750000000001,
            "avg": 0.07401085461689588
        },
        "data_received": {
            "count": 1504555,
            "rate": 8240.955548478409
        },
        "iterations": {
            "count": 968,
            "rate": 5.302062716834612
        },
        "iteration_duration": {
            "avg": 1569.7139128099186,
            "min": 1252.7547,
            "med": 1578.8895499999999,
            "max": 2491.4276,
            "p(90)": 1798.3930300000002,
            "p(95)": 1833.9997799999999
        }
    }
}