{
    "root_group": {
        "name": "",
        "path": "",
        "id": "d41d8cd98f00b204e9800998ecf8427e",
        "groups": {},
        "checks": {
                "products page loaded": {
                    "name": "products page loaded",
                    "path": "::products page loaded",
                    "id": "5666896f8972d540efe15705b47338dc",
                    "passes": 2951,
                    "fails": 0
                }
            }
    },
    "metrics": {
        "http_req_connecting": {
            "min": 0,
            "med": 0,
            "max": 1.0006,
            "p(90)": 0,
            "p(95)": 0,
            "avg": 0.002105489664520501
        },
        "vus": {
            "min": 1,
            "max": 20,
            "value": 1
        },
        "http_req_failed": {
            "fails": 2951,
            "passes": 0,
            "thresholds": {
                "rate<0.01": false
            },
            "value": 0
        },
        "http_reqs": {
            "count": 2951,
            "rate": 16.386000356120928
        },
        "http_req_blocked": {
            "p(95)": 0,
            "avg": 0.0033173500508302273,
            "min": 0,
            "med": 0,
            "max": 4.5768,
            "p(90)": 0
        },
        "http_req_receiving": {
            "max": 1.2527,
            "p(90)": 0.5514,
            "p(95)": 0.5795,
            "avg": 0.08291413080311759,
            "min": 0,
            "med": 0
        },
        "vus_max": {
            "value": 20,
            "min": 20,
            "max": 20
        },
        "iterations": {
            "count": 2951,
            "rate": 16.386000356120928
        },
        "http_req_tls_handshaking": {
            "min": 0,
            "med": 0,
            "max": 0,
            "p(90)": 0,
            "p(95)": 0,
            "avg": 0
        },
        "data_received": {
            "count": 16966661,
            "rate": 94210.67881673435
        },
        "iteration_duration": {
            "avg": 1023.3132133175195,
            "min": 1007.8392,
            "med": 1023.8833,
            "max": 1083.8435,
            "p(90)": 1028.7861,
            "p(95)": 1030.2844
        },
        "http_req_sending": {
            "avg": 0.0003514063029481531,
            "min": 0,
            "med": 0,
            "max": 0.5338,
            "p(90)": 0,
            "p(95)": 0
        },
        "checks": {
            "passes": 2951,
            "fails": 0,
            "value": 1
        },
        "data_sent": {
            "count": 305343,
            "rate": 1695.4762815110241
        },
        "http_req_duration{expected_response:true}": {
            "p(90)": 28.2454,
            "p(95)": 29.7708,
            "avg": 22.81832094205352,
            "min": 7.3379,
            "med": 23.4096,
            "max": 83.4281
        },
        "http_req_waiting": {
            "avg": 22.735055404947484,
            "min": 7.3379,
            "med": 23.3299,
            "max": 83.4281,
            "p(90)": 28.209,
            "p(95)": 29.72195
        },
        "http_req_duration": {
            "avg": 22.81832094205352,
            "min": 7.3379,
            "med": 23.4096,
            "max": 83.4281,
            "p(90)": 28.2454,
            "p(95)": 29.7708,
            "thresholds": {
                "p(95)<500": false
            }
        }
    }
}