{
    "root_group": {
        "checks": {
            "products page loaded": {
                "name": "products page loaded",
                "path": "::products page loaded",
                "id": "5666896f8972d540efe15705b47338dc",
                "passes": 2951,
                "fails": 0
            }
        },
        "name": "",
        "path": "",
        "id": "d41d8cd98f00b204e9800998ecf8427e",
        "groups": {}
    },
    "metrics": {
        "http_req_sending": {
            "p(95)": 0,
            "avg": 0.0001706879024059641,
            "min": 0,
            "med": 0,
            "max": 0.5037,
            "p(90)": 0
        },
        "iterations": {
            "count": 2951,
            "rate": 16.303752709567263
        },
        "checks": {
            "passes": 2951,
            "fails": 0,
            "value": 1
        },
        "data_sent": {
            "count": 305319,
            "rate": 1686.833437320355
        },
        "vus": {
            "max": 20,
            "value": 1,
            "min": 1
        },
        "vus_max": {
            "value": 20,
            "min": 20,
            "max": 20
        },
        "http_reqs": {
            "count": 2951,
            "rate": 16.303752709567263
        },
        "http_req_connecting": {
            "p(95)": 0,
            "avg": 0.0016715350728566587,
            "min": 0,
            "med": 0,
            "max": 0.715,
            "p(90)": 0
        },
        "iteration_duration": {
            "p(95)": 1029.8597,
            "avg": 1022.9941197899029,
            "min": 1007.2529,
            "med": 1023.7318,
            "max": 1052.138,
            "p(90)": 1028.347
        },
        "http_req_duration": {
            "avg": 22.536391765503218,
            "min": 7.0111,
            "med": 23.2816,
            "max": 50.6985,
            "p(90)": 27.868,
            "p(95)": 29.22775,
            "thresholds": {
                "p(95)<500": false
            }
        },
        "data_received": {
            "count": 16966565,
            "rate": 93737.26875323588
        },
        "http_req_waiting": {
            "med": 23.1994,
            "max": 50.1603,
            "p(90)": 27.7678,
            "p(95)": 29.1884,
            "avg": 22.455515011860406,
            "min": 6.9382
        },
        "http_req_tls_handshaking": {
            "max": 0,
            "p(90)": 0,
            "p(95)": 0,
            "avg": 0,
            "min": 0,
            "med": 0
        },
        "http_req_failed": {
            "passes": 0,
            "fails": 2951,
            "thresholds": {
                "rate<0.01": false
            },
            "value": 0
        },
        "http_req_duration{expected_response:true}": {
            "min": 7.0111,
            "med": 23.2816,
            "max": 50.6985,
            "p(90)": 27.868,
            "p(95)": 29.22775,
            "avg": 22.536391765503218
        },
        "http_req_blocked": {
            "avg": 0.0030796340223653,
            "min": 0,
            "med": 0,
            "max": 4.1922,
            "p(90)": 0,
            "p(95)": 0
        },
        "http_req_receiving": {
            "avg": 0.08070606574042695,
            "min": 0,
            "med": 0,
            "max": 1.2376,
            "p(90)": 0.5504,
            "p(95)": 0.5788
        }
    }
}