{
    "root_group": {
        "checks": {
            "cart item added": {
                "name": "cart item added",
                "path": "::cart item added",
                "id": "477e0087e63a11b88bee119fd3f892bc",
                "passes": 862,
                "fails": 0
            },
            "order created": {
                "name": "order created",
                "path": "::order created",
                "id": "5e7ce872bb14a562c4b9054c8eda7170",
                "passes": 862,
                "fails": 0
            }
        },
        "name": "",
        "path": "",
        "id": "d41d8cd98f00b204e9800998ecf8427e",
        "groups": {}
    },
    "metrics": {
        "iterations": {
            "rate": 4.717481581017303,
            "count": 862
        },
        "http_req_tls_handshaking": {
            "avg": 0,
            "min": 0,
            "med": 0,
            "max": 0,
            "p(90)": 0,
            "p(95)": 0
        },
        "http_req_duration": {
            "max": 1149.46,
            "p(90)": 935.95668,
            "p(95)": 1008.519925,
            "avg": 363.7413576754382,
            "min": 4.9286,
            "med": 26.4514,
            "thresholds": {
                "p(95)<2500": false
            }
        },
        "http_req_waiting": {
            "max": 1149.46,
            "p(90)": 935.95668,
            "p(95)": 1008.288505,
            "avg": 363.6458277412281,
            "min": 4.9286,
            "med": 26.4514
        },
        "data_sent": {
            "count": 374056,
            "rate": 2047.102424906042
        },
        "http_reqs": {
            "rate": 9.982234807164224,
            "count": 1824
        },
        "http_req_duration{expected_response:true}": {
            "avg": 363.7413576754382,
            "min": 4.9286,
            "med": 26.4514,
            "max": 1149.46,
            "p(90)": 935.95668,
            "p(95)": 1008.519925
        },
        "checks": {
            "passes": 1724,
            "fails": 0,
            "value": 1
        },
        "http_req_blocked": {
            "min": 0,
            "med": 0,
            "max": 4.7986,
            "p(90)": 0,
            "p(95)": 0,
            "avg": 0.010619078947368419
        },
        "http_req_sending": {
            "avg": 0.01481984649122807,
            "min": 0,
            "med": 0,
            "max": 2.0278,
            "p(90)": 0,
            "p(95)": 0
        },
        "data_received": {
            "count": 1463924,
            "rate": 8011.640958247302
        },
        "iteration_duration": {
            "avg": 1768.2582465197202,
            "min": 1381.5416,
            "med": 1768.52865,
            "max": 2170.963,
            "p(90)": 2026.4923,
            "p(95)": 2056.85709
        },
        "vus_max": {
            "value": 10,
            "min": 10,
            "max": 10
        },
        "http_req_failed": {
            "passes": 0,
            "fails": 1824,
            "thresholds": {
                "rate<0.05": false
            },
            "value": 0
        },
        "vus": {
            "value": 1,
            "min": 0,
            "max": 10
        },
        "http_req_receiving": {
            "avg": 0.0807100877192982,
            "min": 0,
            "med": 0,
            "max": 1.0033,
            "p(90)": 0.52364,
            "p(95)": 0.5564399999999999
        },
        "http_req_connecting": {
            "max": 1.5178,
            "p(90)": 0,
            "p(95)": 0,
            "avg": 0.0034930372807017544,
            "min": 0,
            "med": 0
        }
    }
}