{
    "root_group": {
        "id": "d41d8cd98f00b204e9800998ecf8427e",
        "groups": {},
        "checks": {
                "cart item added": {
                    "name": "cart item added",
                    "path": "::cart item added",
                    "id": "477e0087e63a11b88bee119fd3f892bc",
                    "passes": 856,
                    "fails": 0
                },
                "order created": {
                    "passes": 856,
                    "fails": 0,
                    "name": "order created",
                    "path": "::order created",
                    "id": "5e7ce872bb14a562c4b9054c8eda7170"
                }
            },
        "name": "",
        "path": ""
    },
    "metrics": {
        "http_req_blocked": {
            "avg": 0.00879028697571744,
            "min": 0,
            "med": 0,
            "max": 4.5591,
            "p(90)": 0,
            "p(95)": 0
        },
        "http_req_connecting": {
            "avg": 0.0021789183222958057,
            "min": 0,
            "med": 0,
            "max": 0.8157,
            "p(90)": 0,
            "p(95)": 0
        },
        "http_req_sending": {
            "avg": 0.01683096026490066,
            "min": 0,
            "med": 0,
            "max": 0.8053,
            "p(90)": 0,
            "p(95)": 0
        },
        "http_req_waiting": {
            "max": 1169.7889,
            "p(90)": 939.64525,
            "p(95)": 1006.1766349999999,
            "avg": 369.21653719646855,
            "min": 5.3434,
            "med": 28.3781
        },
        "iteration_duration": {
            "p(95)": 2076.589825,
            "avg": 1780.2987794392536,
            "min": 1389.9218,
            "med": 1781.7047499999999,
            "max": 2183.6888,
            "p(90)": 2028.1465
        },
        "http_reqs": {
            "count": 1812,
            "rate": 9.93750495631003
        },
        "http_req_duration{expected_response:true}": {
            "med": 28.3781,
            "max": 1169.7889,
            "p(90)": 939.6557300000001,
            "p(95)": 1006.50806,
            "avg": 369.3100301324504,
            "min": 5.3434
        },
        "vus_max": {
            "min": 10,
            "max": 10,
            "value": 10
        },
        "data_received": {
            "count": 1461626,
            "rate": 8015.957847280135
        },
        "http_req_failed": {
            "passes": 0,
            "fails": 1812,
            "thresholds": {
                "rate<0.05": false
            },
            "value": 0
        },
        "vus": {
            "value": 1,
            "min": 0,
            "max": 10
        },
        "checks": {
            "fails": 0,
            "passes": 1712,
            "value": 1
        },
        "http_req_duration": {
            "avg": 369.3100301324504,
            "min": 5.3434,
            "med": 28.3781,
            "max": 1169.7889,
            "p(90)": 939.6557300000001,
            "p(95)": 1006.50806,
            "thresholds": {
                "p(95)<2500": false
            }
        },
        "http_req_tls_handshaking": {
            "avg": 0,
            "min": 0,
            "med": 0,
            "max": 0,
            "p(90)": 0,
            "p(95)": 0
        },
        "data_sent": {
            "count": 371524,
            "rate": 2037.5395095960969
        },
        "iterations": {
            "count": 856,
            "rate": 4.694538765232553
        },
        "http_req_receiving": {
            "avg": 0.07666197571743932,
            "min": 0,
            "med": 0,
            "max": 1.1093,
            "p(90)": 0.5227700000000001,
            "p(95)": 0.5428599999999999
        }
    }
}