{
    "root_group": {
        "name": "",
        "path": "",
        "id": "d41d8cd98f00b204e9800998ecf8427e",
        "groups": {},
        "checks": {
                "payment processed": {
                    "name": "payment processed",
                    "path": "::payment processed",
                    "id": "bc7aae6c5a38680bc97fea6bffe3f62b",
                    "passes": 993,
                    "fails": 0
                }
            }
    },
    "metrics": {
        "http_req_failed": {
            "passes": 0,
            "fails": 993,
            "thresholds": {
                "rate<0.01": false
            },
            "value": 0
        },
        "http_req_sending": {
            "avg": 0.007413293051359516,
            "min": 0,
            "med": 0,
            "max": 1.0162,
            "p(90)": 0,
            "p(95)": 0
        },
        "http_req_waiting": {
            "p(95)": 799.28584,
            "avg": 535.0764234642494,
            "min": 210.3004,
            "med": 542.1189,
            "max": 1153.774,
            "p(90)": 766.91128
        },
        "http_req_blocked": {
            "avg": 0.01381802618328298,
            "min": 0,
            "med": 0,
            "max": 5.4617,
            "p(90)": 0,
            "p(95)": 0
        },
        "http_req_duration": {
            "avg": 535.1801095669687,
            "min": 210.3004,
            "med": 542.1189,
            "max": 1153.774,
            "p(90)": 766.91128,
            "p(95)": 799.28584,
            "thresholds": {
                "p(95)<1500": false
            }
        },
        "data_received": {
            "count": 237327,
            "rate": 1312.5281967546105
        },
        "data_sent": {
            "count": 200586,
            "rate": 1109.3334549976205
        },
        "http_reqs": {
            "count": 993,
            "rate": 5.491749777215944
        },
        "http_req_connecting": {
            "med": 0,
            "max": 1.0763,
            "p(90)": 0,
            "p(95)": 0,
            "avg": 0.004650755287009063,
            "min": 0
        },
        "vus": {
            "value": 1,
            "min": 1,
            "max": 10
        },
        "vus_max": {
            "value": 10,
            "min": 10,
            "max": 10
        },
        "iteration_duration": {
            "min": 1210.6253,
            "med": 1542.9232,
            "max": 2154.816,
            "p(90)": 1767.21622,
            "p(95)": 1800.1146999999999,
            "avg": 1535.7508206445086
        },
        "http_req_tls_handshaking": {
            "min": 0,
            "med": 0,
            "max": 0,
            "p(90)": 0,
            "p(95)": 0,
            "avg": 0
        },
        "http_req_receiving": {
            "p(90)": 0.55676,
            "p(95)": 0.61332,
            "avg": 0.09627280966767371,
            "min": 0,
            "med": 0,
            "max": 1.3905
        },
        "iterations": {
            "count": 993,
            "rate": 5.491749777215944
        },
        "checks": {
            "passes": 993,
            "fails": 0,
            "value": 1
        },
        "http_req_duration{expected_response:true}": {
            "max": 1153.774,
            "p(90)": 766.91128,
            "p(95)": 799.28584,
            "avg": 535.1801095669687,
            "min": 210.3004,
            "med": 542.1189
        }
    }
}