{
    "metrics": {
        "http_req_blocked": {
            "avg": 0.009325049402150244,
            "min": 0,
            "med": 0,
            "max": 3.6809,
            "p(90)": 0,
            "p(95)": 0
        },
        "http_req_sending": {
            "avg": 0.008870837659510335,
            "min": 0,
            "med": 0,
            "max": 3.6625,
            "p(90)": 0,
            "p(95)": 0
        },
        "http_req_failed": {
            "passes": 0,
            "fails": 29857,
            "thresholds": {
                "rate<0.01": false
            },
            "value": 0
        },
        "http_reqs": {
            "count": 29857,
            "rate": 164.8547450551736
        },
        "checks": {
            "passes": 29857,
            "fails": 0,
            "value": 1
        },
        "iterations": {
            "count": 29857,
            "rate": 164.8547450551736
        },
        "data_received": {
            "count": 7135823,
            "rate": 39400.28406818649
        },
        "http_req_connecting": {
            "avg": 0.00692165656295006,
            "min": 0,
            "med": 0,
            "max": 3.0572,
            "p(90)": 0,
            "p(95)": 0
        },
        "http_req_duration{expected_response:true}": {
            "med": 516.3455,
            "max": 844.5788,
            "p(90)": 757.34558,
            "p(95)": 787.41648,
            "avg": 515.0077502294242,
            "min": 206.4681
        },
        "data_sent": {
            "rate": 33300.658501145066,
            "count": 6031114
        },
        "http_req_duration": {
            "med": 516.3455,
            "max": 844.5788,
            "p(90)": 757.34558,
            "p(95)": 787.41648,
            "avg": 515.0077502294242,
            "min": 206.4681,
            "thresholds": {
                "p(95)<1500": false
            }
        },
        "http_req_waiting": {
            "p(95)": 787.3503,
            "avg": 514.9205740228418,
            "min": 206.4681,
            "med": 516.292,
            "max": 843.8417,
            "p(90)": 757.2605000000001
        },
        "http_req_receiving": {
            "p(95)": 0.5712,
            "avg": 0.07830536892520985,
            "min": 0,
            "med": 0,
            "max": 6.6898,
            "p(90)": 0.5329
        },
        "vus_max": {
            "value": 300,
            "min": 300,
            "max": 300
        },
        "http_req_tls_handshaking": {
            "max": 0,
            "p(90)": 0,
            "p(95)": 0,
            "avg": 0,
            "min": 0,
            "med": 0
        },
        "vus": {
            "value": 1,
            "min": 1,
            "max": 300
        },
        "iteration_duration": {
            "med": 1516.9254,
            "max": 1844.9405,
            "p(90)": 1757.90666,
            "p(95)": 1788.06964,
            "avg": 1515.5813247446094,
            "min": 1207.0867
        }
    },
    "root_group": {
        "name": "",
        "path": "",
        "id": "d41d8cd98f00b204e9800998ecf8427e",
        "groups": {},
        "checks": {
                "payment processed": {
                    "passes": 29857,
                    "fails": 0,
                    "name": "payment processed",
                    "path": "::payment processed",
                    "id": "bc7aae6c5a38680bc97fea6bffe3f62b"
                }
            }
    }
}