{
    "metrics": {
        "http_reqs": {
            "count": 1002,
            "rate": 5.541587976301754
        },
        "iterations": {
            "count": 1002,
            "rate": 5.541587976301754
        },
        "http_req_tls_handshaking": {
            "p(95)": 0,
            "avg": 0,
            "min": 0,
            "med": 0,
            "max": 0,
            "p(90)": 0
        },
        "http_req_duration": {
            "max": 983.9806,
            "p(90)": 761.26522,
            "p(95)": 795.2586099999999,
            "avg": 518.7699068862273,
            "min": 212.4564,
            "med": 520.47745,
            "thresholds": {
                "p(95)<1500": false
            }
        },
        "http_req_receiving": {
            "p(90)": 0.5397399999999999,
            "p(95)": 0.5708549999999999,
            "avg": 0.06999530938123749,
            "min": 0,
            "med": 0,
            "max": 2.0486
        },
        "http_req_duration{expected_response:true}": {
            "avg": 518.7699068862273,
            "min": 212.4564,
            "med": 520.47745,
            "max": 983.9806,
            "p(90)": 761.26522,
            "p(95)": 795.2586099999999
        },
        "http_req_connecting": {
            "med": 0,
            "max": 0.6115,
            "p(90)": 0,
            "p(95)": 0,
            "avg": 0.003946107784431138,
            "min": 0
        },
        "data_sent": {
            "count": 202404,
            "rate": 1119.4007712129542
        },
        "http_req_sending": {
            "p(90)": 0,
            "p(95)": 0,
            "avg": 0.0015811377245508985,
            "min": 0,
            "med": 0,
            "max": 0.5511
        },
        "http_req_failed": {
            "passes": 0,
            "fails": 1002,
            "thresholds": {
                "rate<0.01": false
            },
            "value": 0
        },
        "data_received": {
            "count": 239478,
            "rate": 1324.4395263361191
        },
        "http_req_blocked": {
            "max": 4.4614,
            "p(90)": 0,
            "p(95)": 0,
            "avg": 0.0077883233532934125,
            "min": 0,
            "med": 0
        },
        "vus_max": {
            "max": 10,
            "value": 10,
            "min": 10
        },
        "checks": {
            "passes": 1002,
            "fails": 0,
            "value": 1
        },
        "http_req_waiting": {
            "avg": 518.6983304391217,
            "min": 212.4564,
            "med": 520.47745,
            "max": 983.9806,
            "p(90)": 761.26522,
            "p(95)": 795.2586099999999
        },
        "vus": {
            "value": 1,
            "min": 1,
            "max": 10
        },
        "iteration_duration": {
            "avg": 1519.2542288423144,
            "min": 1212.7913,
            "med": 1520.9593,
            "max": 1984.3678,
            "p(90)": 1761.6487200000001,
            "p(95)": 1795.624865
        }
    },
    "root_group": {
        "groups": {},
        "checks": {
                "payment processed": {
                    "fails": 0,
                    "name": "payment processed",
                    "path": "::payment processed",
                    "id": "bc7aae6c5a38680bc97fea6bffe3f62b",
                    "passes": 1002
                }
            },
        "name": "",
        "path": "",
        "id": "d41d8cd98f00b204e9800998ecf8427e"
    }
}