{
    "metrics": {
        "http_req_tls_handshaking": {
            "min": 0,
            "med": 0,
            "max": 0,
            "p(90)": 0,
            "p(95)": 0,
            "avg": 0
        },
        "data_sent": {
            "count": 3972992,
            "rate": 21541.916338436124
        },
        "data_received": {
            "count": 103623765,
            "rate": 561857.27942663
        },
        "http_req_duration": {
            "avg": 156.11165811289555,
            "min": 5.7332,
            "med": 30.3373,
            "max": 2453.9121,
            "p(90)": 592.8831800000002,
            "p(95)": 714.0775199999999,
            "thresholds": {
                "p(95)<2500": false
            }
        },
        "checks": {
            "passes": 27837,
            "fails": 0,
            "value": 1
        },
        "iteration_duration": {
            "med": 1033.8443,
            "max": 4895.3499,
            "p(90)": 1627.48754,
            "p(95)": 1732.23893,
            "avg": 1179.1376298931445,
            "min": 1005.8377
        },
        "http_req_connecting": {
            "min": 0,
            "med": 0,
            "max": 129.5854,
            "p(90)": 0,
            "p(95)": 0,
            "avg": 0.08562557898127936
        },
        "iterations": {
            "count": 24427,
            "rate": 132.44536872940574
        },
        "http_req_duration{expected_response:true}": {
            "avg": 156.11165811289555,
            "min": 5.7332,
            "med": 30.3373,
            "max": 2453.9121,
            "p(90)": 592.8831800000002,
            "p(95)": 714.0775199999999
        },
        "http_req_sending": {
            "p(90)": 0,
            "p(95)": 0,
            "avg": 0.01658080681533451,
            "min": 0,
            "med": 0,
            "max": 50.1036
        },
        "http_req_waiting": {
            "p(90)": 592.6852000000001,
            "p(95)": 714.05718,
            "avg": 155.97165723592272,
            "min": 5.7332,
            "med": 30.2324,
            "max": 2453.3601
        },
        "http_req_failed": {
            "passes": 0,
            "fails": 27937,
            "thresholds": {
                "rate<0.05": false
            },
            "value": 0
        },
        "http_reqs": {
            "count": 27937,
            "rate": 151.4769012237855
        },
        "vus_max": {
            "max": 160,
            "value": 160,
            "min": 160
        },
        "http_req_blocked": {
            "avg": 0.10611674839818173,
            "min": 0,
            "med": 0,
            "max": 129.5854,
            "p(90)": 0,
            "p(95)": 0
        },
        "http_req_receiving": {
            "max": 110.7818,
            "p(90)": 0.5372,
            "p(95)": 0.5598199999999997,
            "avg": 0.12342007015785521,
            "min": 0,
            "med": 0
        },
        "vus": {
            "value": 5,
            "min": 0,
            "max": 160
        }
    },
    "root_group": {
        "checks": {
            "products page loaded": {
                "id": "5666896f8972d540efe15705b47338dc",
                "passes": 17448,
                "fails": 0,
                "name": "products page loaded",
                "path": "::products page loaded"
            },
            "payment processed": {
                "path": "::payment processed",
                "id": "bc7aae6c5a38680bc97fea6bffe3f62b",
                "passes": 3569,
                "fails": 0,
                "name": "payment processed"
            },
            "cart item added": {
                "name": "cart item added",
                "path": "::cart item added",
                "id": "477e0087e63a11b88bee119fd3f892bc",
                "passes": 3410,
                "fails": 0
            },
            "order created": {
                "id": "5e7ce872bb14a562c4b9054c8eda7170",
                "passes": 3410,
                "fails": 0,
                "name": "order created",
                "path": "::order created"
            }
        },
        "name": "",
        "path": "",
        "id": "d41d8cd98f00b204e9800998ecf8427e",
        "groups": {}
    }
}