{
    "metrics": {
        "checks": {
            "passes": 27826,
            "fails": 0,
            "value": 1
        },
        "vus": {
            "max": 160,
            "value": 3,
            "min": 0
        },
        "data_sent": {
            "count": 3972353,
            "rate": 21565.222720808775
        },
        "http_req_sending": {
            "avg": 0.04738670414667345,
            "min": 0,
            "med": 0,
            "max": 312.8939,
            "p(90)": 0,
            "p(95)": 0
        },
        "data_received": {
            "count": 103537181,
            "rate": 562085.5870940197
        },
        "http_req_failed": {
            "passes": 0,
            "fails": 27926,
            "thresholds": {
                "rate<0.05": false
            },
            "value": 0
        },
        "http_reqs": {
            "count": 27926,
            "rate": 151.60546147366708
        },
        "http_req_duration{expected_response:true}": {
            "min": 5.2564,
            "med": 30.57295,
            "max": 2402.8801,
            "p(90)": 593.1986999999999,
            "p(95)": 715.3354,
            "avg": 158.18838168731625
        },
        "vus_max": {
            "min": 160,
            "max": 160,
            "value": 160
        },
        "iteration_duration": {
            "min": 1005.9399,
            "med": 1034.2313,
            "max": 4874.4701,
            "p(90)": 1627.91015,
            "p(95)": 1734.791725,
            "avg": 1181.763767446532
        },
        "iterations": {
            "count": 24406,
            "rate": 132.49598555920358
        },
        "http_req_tls_handshaking": {
            "avg": 0,
            "min": 0,
            "med": 0,
            "max": 0,
            "p(90)": 0,
            "p(95)": 0
        },
        "http_req_waiting": {
            "p(95)": 715.035775,
            "avg": 158.02035640979696,
            "min": 5.2564,
            "med": 30.43075,
            "max": 2402.8801,
            "p(90)": 593.0863
        },
        "http_req_connecting": {
            "avg": 0.19639897586478558,
            "min": 0,
            "med": 0,
            "max": 399.5581,
            "p(90)": 0,
            "p(95)": 0
        },
        "http_req_receiving": {
            "avg": 0.12063857337248453,
            "min": 0,
            "med": 0,
            "max": 18.8405,
            "p(90)": 0.5388,
            "p(95)": 0.5688
        },
        "http_req_duration": {
            "med": 30.57295,
            "max": 2402.8801,
            "p(90)": 593.1986999999999,
            "p(95)": 715.3354,
            "avg": 158.18838168731625,
            "min": 5.2564,
            "thresholds": {
                "p(95)<2500": false
            }
        },
        "http_req_blocked": {
            "avg": 0.2178579209338968,
            "min": 0,
            "med": 0,
            "max": 400.564,
            "p(90)": 0,
            "p(95)": 0
        }
    },
    "root_group": {
        "checks": {
            "products page loaded": {
                "name": "products page loaded",
                "path": "::products page loaded",
                "id": "5666896f8972d540efe15705b47338dc",
                "passes": 17433,
                "fails": 0
            },
            "payment processed": {
                "name": "payment processed",
                "path": "::payment processed",
                "id": "bc7aae6c5a38680bc97fea6bffe3f62b",
                "passes": 3553,
                "fails": 0
            },
            "cart item added": {
                "name": "cart item added",
                "path": "::cart item added",
                "id": "477e0087e63a11b88bee119fd3f892bc",
                "passes": 3420,
                "fails": 0
            },
            "order created": {
                "passes": 3420,
                "fails": 0,
                "name": "order created",
                "path": "::order created",
                "id": "5e7ce872bb14a562c4b9054c8eda7170"
            }
        },
        "name": "",
        "path": "",
        "id": "d41d8cd98f00b204e9800998ecf8427e",
        "groups": {}
    }
}